{"cameraMode":{"drawMode":0,"name":"Shaded","section":"Shading Mode"},"sceneLighting":false,"audioPlay":false,"sceneViewState":{"showFog":true,"showMaterialUpdate":false,"showSkybox":false,"showFlares":true,"showImageEffects":true,"showParticleSystems":true},"in2DMode":false,"pivot":{"x":-8.545267105102539,"y":2.4034087657928469,"z":25.84494400024414},"rotation":{"x":-0.24352332949638368,"y":-0.019912302494049073,"z":0.004702310543507338,"w":-0.9698522090911865},"size":15.089320182800293,"orthographic":true}