{"cameraMode":{"drawMode":0,"name":"Shaded","section":"Shading Mode"},"sceneLighting":false,"audioPlay":false,"sceneViewState":{"showFog":true,"showMaterialUpdate":false,"showSkybox":false,"showFlares":true,"showImageEffects":true,"showParticleSystems":true},"in2DMode":false,"pivot":{"x":0.0,"y":-0.309938907623291,"z":-0.05771970748901367},"rotation":{"x":-0.11167693138122559,"y":0.7987017631530762,"z":-0.15657176077365876,"w":-0.5703758597373962},"size":35.177207946777347,"orthographic":true}