{"cameraMode":{"drawMode":0,"name":"Shaded","section":"Shading Mode"},"sceneLighting":false,"audioPlay":false,"sceneViewState":{"showFog":true,"showMaterialUpdate":false,"showSkybox":false,"showFlares":true,"showImageEffects":true,"showParticleSystems":true},"in2DMode":false,"pivot":{"x":-18.85658836364746,"y":0.2240038514137268,"z":49.10772705078125},"rotation":{"x":-0.21439452469348908,"y":-0.5633100867271423,"z":0.15385088324546815,"w":-0.7831867933273315},"size":26.605440139770509,"orthographic":true}