{"cameraMode":{"drawMode":0,"name":"Shaded","section":"Shading Mode"},"sceneLighting":false,"audioPlay":false,"sceneViewState":{"showFog":true,"showMaterialUpdate":false,"showSkybox":false,"showFlares":true,"showImageEffects":true,"showParticleSystems":true},"in2DMode":false,"pivot":{"x":0.0,"y":1.2000000476837159,"z":-2.384185791015625e-7},"rotation":{"x":-0.38652709126472475,"y":-0.05285845696926117,"z":0.022124305367469789,"w":-0.9206212162971497},"size":12.324702262878418,"orthographic":true}