{"cameraMode":{"drawMode":0,"name":"Shaded","section":"Shading Mode"},"sceneLighting":false,"audioPlay":false,"sceneViewState":{"showFog":true,"showMaterialUpdate":false,"showSkybox":false,"showFlares":true,"showImageEffects":true,"showParticleSystems":true},"in2DMode":false,"pivot":{"x":0.0,"y":-0.309938907623291,"z":-0.05771970748901367},"rotation":{"x":-0.23200058937072755,"y":0.37966668605804446,"z":-0.09909172356128693,"w":-0.8901958465576172},"size":23.12879180908203,"orthographic":true}