{"cameraMode":{"drawMode":0,"name":"Shaded","section":"Shading Mode"},"sceneLighting":true,"audioPlay":false,"sceneViewState":{"showFog":true,"showMaterialUpdate":true,"showSkybox":true,"showFlares":true,"showImageEffects":true,"showParticleSystems":true},"in2DMode":false,"pivot":{"x":4.0738444328308109,"y":2.6711442470550539,"z":24.841617584228517},"rotation":{"x":-0.23036271333694459,"y":0.02794591523706913,"z":-0.006653855554759502,"w":-0.9728928208351135},"size":713.6846313476563,"orthographic":true}