{"cameraMode":{"drawMode":0,"name":"Shaded","section":"Shading Mode"},"sceneLighting":false,"audioPlay":false,"sceneViewState":{"showFog":true,"showMaterialUpdate":false,"showSkybox":false,"showFlares":true,"showImageEffects":true,"showParticleSystems":true},"in2DMode":false,"pivot":{"x":-0.19473329186439515,"y":3.0,"z":3.8850550651550295},"rotation":{"x":-0.24352332949638368,"y":-0.019912302494049073,"z":0.004702310543507338,"w":-0.9698522090911865},"size":16.210886001586915,"orthographic":true}