{"cameraMode":{"drawMode":0,"name":"Shaded","section":"Shading Mode"},"sceneLighting":false,"audioPlay":false,"sceneViewState":{"showFog":true,"showMaterialUpdate":false,"showSkybox":false,"showFlares":true,"showImageEffects":true,"showParticleSystems":true},"in2DMode":false,"pivot":{"x":0.0,"y":-0.309938907623291,"z":-0.05771970748901367},"rotation":{"x":-0.0046099149622023109,"y":0.9756761789321899,"z":-0.21869616210460664,"w":-0.021127503365278245},"size":23.12879180908203,"orthographic":true}